<?xml version="1.0" encoding="UTF-8"?><metadata xmlns:xsi="http://www.w3.org/2001/XMLSchema-instance" xsi:noNamespaceSchemaLocation="http://www.conabio.gob.mx/informacion/gis/schemas/fgdc/fgdc-std-001-1998.xsd"><idinfo><citation><citeinfo><origin>Comisi&#x00F3;n Nacional para el Conocimiento y Uso de la Biodiversidad (2011). 'Divisi&#x00F3;n Pol&#x00ED;tica Estatal&apos;. Versi&#x00F3;n 4. Escala 1:250000. Modificado de Conjunto de Datos vectoriales y toponimia de la carta topogr&#x00E1;fica. Serie III. Instituto Nacional de Estad&#x00ED;stica, Geograf&#x00ED;a e Inform&#x00E1;tica (2003-2004). Y &#x00C1;reas Geoestad&#x00ED;sticas Estatales, del Marco Geoestad&#x00ED;stico 2010 versi&#x00F3;n 5.0. Instituto Nacional de Estad&#x00ED;stica y Geograf&#x00ED;a. Escala 1:250000. M&#x00E9;xico.</origin><pubdate>20110708</pubdate><title>Divisi&#x00F3;n pol&#x00ED;tica estatal de M&#x00E9;xico 1:250000. Versi&#x00F3;n 4</title><geoform>Shapefile. Formato vectorial compuesto por 4 archivos (shp, shx, dbf,prj)</geoform><othercit>250000</othercit></citeinfo></citation><descript><abstract>Representaci&#x00F3;n digital de los l&#x00ED;mites estatales (con sus respectivos nombres y claves), costeros e islas. Estos l&#x00ED;mites son el resultado de la uni&#x00F3;n del material cartogr&#x00E1;fico: datos vectoriales serie III y &#x00E1;reas geoestad&#x00ED;sticas estatales 2010, a escala 1:250000.</abstract><purpose>No conocido</purpose><supplinf>Este mapa fue elaborado en la Subdirecci&#x00F3;n de Sistemas de Informaci&#x00F3;n Geogr&#x00E1;fica de la Conabio, manejando el contorno de pa&#x00ED;s y los l&#x00ED;mites estatales a escala 1.250000. Referencias en la web: http://www.inegi.org.mx/geo/contenidos/geoestadistica/M_Geoestadistico.aspx</supplinf></descript><timeperd><timeinfo><sngdate><caldate>00000000</caldate></sngdate></timeinfo><current>Julio, 2011</current></timeperd><status><progress>Complete</progress><update>No planeado</update></status><spdom><bounding><westbc>-118.366485</westbc><eastbc>-86.710743</eastbc><northbc>32.71873</northbc><southbc>14.534963</southbc></bounding></spdom><keywords><theme><themekt>CONABIO.LICENCIA</themekt><themekey>CC_BY_NC_2.5_MX</themekey></theme><theme><themekt>ESTRUCTURA</themekt><themekey>dipol</themekey><themekey>estata</themekey><themekey>dest_2010cw</themekey></theme><theme><themekt>CONABIO</themekt><themekey>Divisi&#x00F3;n pol&#x00ED;tica Estatal 1:250000 Entidades Federativas Estados Divisi&#x00F3;n Pol&#x00ED;tica Estatal </themekey></theme><place><placekt>CONABIO</placekt><placekey>Rep&#x00FA;blica Mexicana Aguascalientes Baja California Baja California Sur Campeche Coahuila Colima Chiapas Chihuahua Distrito Federal Durango Estado de M&#x00E9;xico Guanajuato Guerrero Hidalgo Jalisco Michoac&#x00E1;n Morelos Nayarit Nuevo Le&#x00F3;n Oaxaca Puebla Quer&#x00E9;taro Quintana Roo San Luis Potos&#x00ED; Sinaloa Sonora Tabasco Tamaulipas Tlaxcala Veracruz Yucat&#x00E1;n Zacatecas </placekey></place></keywords><accconst>Sin restricciones</accconst><useconst>No se permite utilizar estos datos con fines lucrativos y se debe citar la fuente del mapa y a CONABIO. Ver la licencia completa en http://creativecommons.org/licenses/by-nc/2.5/mx/</useconst><browse><browsen>http://www.conabio.gob.mx/informacion/gis/layouts/dest_2010gw.png</browsen><browsed>Mapa ilustrativo de Divisi&#x00F3;n pol&#x00ED;tica estatal de M&#x00E9;xico 1:250000. Versi&#x00F3;n 4</browsed><browset>png</browset></browse><native>SIG ARC-INFO, versi&#x00F3;n 10.0 y SPARCstation, SUN OS versi&#x00F3;n 5.5.1, UNIX</native></idinfo><dataqual><logic>Gabinete</logic><complete>Uni&#x00F3;n de mapas..</complete><lineage><srcinfo><srccite><citeinfo><origin>No conocido</origin><pubdate>00000000</pubdate><title>No conocido</title><geoform>No conocido</geoform></citeinfo></srccite><srcscale>250000</srcscale><typesrc>Digital</typesrc><srctime><timeinfo><sngdate><caldate>00000000</caldate></sngdate></timeinfo><srccurr>No conocido</srccurr></srctime><srccitea>No conocido</srccitea><srccontr>Instituto Nacional de Estad&#x00ED;stica, Geograf&#x00ED;a e Inform&#x00E1;tica (2003-2004). Conjunto de Datos vectoriales y toponimia de la carta topogr&#x00E1;fica. Serie III. Escala 1:250 000. D.F. M&#x00E9;xico.</srccontr></srcinfo><srcinfo><srccite><citeinfo><origin>No conocido</origin><pubdate>00000000</pubdate><title>No conocido</title><geoform>No conocido</geoform></citeinfo></srccite><srcscale>250000</srcscale><typesrc>Fotograf&#x00ED;as</typesrc><srctime><timeinfo><sngdate><caldate>00000000</caldate></sngdate></timeinfo><srccurr>No conocido</srccurr></srctime><srccitea>No conocido</srccitea><srccontr>Instituto Nacional de Estad&#x00ED;stica y Geograf&#x00ED;a - INEGI.(ed.), 2011. &#x00C1;reas Geoestad&#x00ED;sticas Municipales, del Marco Geoestad&#x00ED;stico 2010 versi&#x00F3;n 5.0, Censo de Poblaci&#x00F3;n y Vivienda 2010. Aguascalientes, Ags</srccontr></srcinfo><procstep><procdesc>1) Uni&#x00F3;n y edici&#x00F3;n. Las capas digitales que se usaron fueron: divisi&#x00F3;n pol&#x00ED;tica estatal y l&#x00ED;mite costero; 2) Etiquetado y revisi&#x00F3;n. Plasmar en el mapa el nombre de los diferentes estados, as&#x00ED; como las capitales. 3) Producto final. Se exporto de cobertura a formato shapefile, en coordenadas geogr&#x00E1;ficas y en proyecci&#x00F3;n C&#x00F3;nica Conforme de L&#x00E1;mbert.</procdesc><procdate>00000000</procdate></procstep></lineage></dataqual><spdoinfo><direct>Vector</direct><ptvctinf><sdtsterm ><sdtstype>G-polygon</sdtstype><ptvctcnt>212</ptvctcnt></sdtsterm></ptvctinf></spdoinfo><spref><horizsys><planar><mapproj><mapprojn>Lambert Conformal Conic</mapprojn><lambertc><stdparll>17.50000</stdparll><stdparll>29.50000</stdparll><longcm>-102</longcm><latprjo>12</latprjo><feast>2500000</feast><fnorth>0</fnorth></lambertc></mapproj><planci><plance>coordinate pair</plance><coordrep><absres>0.000001</absres><ordres>0.000001</ordres></coordrep><plandu>Meters</plandu></planci></planar><geodetic><horizdn>WGS84</horizdn><ellips>WGS84</ellips><semiaxis>6378137.000000</semiaxis><denflat>298.257224</denflat></geodetic></horizsys></spref><eainfo><detailed><enttyp><enttypl>DEST_2010CW.DBF</enttypl><enttypd>Divisi&#x00F3;n pol&#x00ED;tica estatal, 2010.</enttypd><enttypds>No conocido</enttypds></enttyp><attr><attrlabl>AREA</attrlabl><attrdef>Num&#x00E9;rico</attrdef><attrdefs>Calculado por Arc-Info</attrdefs><attrdomv><udom>&#x00C1;rea del pol&#x00ED;gono asociado a una Entidad Federativa</udom></attrdomv><attrvai><attrva>1</attrva><attrvae>Metros cuadrados</attrvae></attrvai></attr><attr><attrlabl>PERIMETER</attrlabl><attrdef>Num&#x00E9;rico</attrdef><attrdefs>Calculado por Arc-Info</attrdefs><attrdomv><udom>Per&#x00ED;metro del pol&#x00ED;gono asociado a una Entidad Fedrativa</udom></attrdomv><attrvai><attrva>1</attrva><attrvae>Metros</attrvae></attrvai></attr><attr><attrlabl>ENTIDAD</attrlabl><attrdef>Car&#x00E1;cter</attrdef><attrdefs>INEGI</attrdefs><attrdomv><udom>Nombre propio de la Entidad Federativa</udom></attrdomv></attr><attr><attrlabl>CAPITAL</attrlabl><attrdef>Car&#x00E1;cter</attrdef><attrdefs>INEGI</attrdefs><attrdomv><udom>Nombre propio de la capital de la Entidad Federativa</udom></attrdomv></attr><attr><attrlabl>RASGO_GEOG</attrlabl><attrdef>Car&#x00E1;cter</attrdef><attrdefs>INEGI</attrdefs><attrdomv><udom>Presencia de una isla</udom></attrdomv></attr><attr><attrlabl>NUM_EDO</attrlabl><attrdef>Car&#x00E1;cter</attrdef><attrdefs>INEGI</attrdefs><attrdomv><udom>Identificador &#x00FA;nico relacionado con la Entidad Federativa</udom></attrdomv></attr></detailed></eainfo><distinfo><distrib><cntinfo><cntorgp><cntorg>CONABIO</cntorg><cntper>Jose Manuel Davila Rosas</cntper></cntorgp><cntpos>Subdirector de Sistemas de Informaci&#x00F3;n Geogr&#x00E1;fica</cntpos><cntaddr><addrtype>mailing and physical address</addrtype><address>Liga Perif&#x00E9;rico Insurgentes Sur Num. 4903 1er piso. Col. Parques del Pedregal. Delg. Tlalpan</address><city>Ciudad de M&#x00E9;xico</city><state>D.F.</state><postal>14010</postal><country>M&#x00E9;xico</country></cntaddr><cntvoice>50045012</cntvoice><cntfax>50044931</cntfax><cntemail>jdavila@conabio.gob.mx</cntemail><hours>Lunes a Viernes de las 8 hasta 18 hrs.</hours></cntinfo></distrib><resdesc>dest_2010cw</resdesc><distliab>La Subdirecci&#x00F3;n de Sistemas de Informaci&#x00F3;n Geogr&#x00E1;fica de la CONABIO solo se hace responsable de la informaci&#x00F3;n presentada en el mapa y se deslinda del uso que se le de a la misma.</distliab><stdorder><digform><digtinfo><formname>ESRI Shapefile (SHP)</formname><formverd>199807</formverd><filedec>compactado en ZIP</filedec><transize>11.4</transize></digtinfo><digtopt><onlinopt><computer><networka><networkr> http://www.conabio.gob.mx/informacion/gis/maps/geo/dest_2010gw.zip</networkr></networka></computer><accinstr>Coordenadas geogr&#x00E1;ficas WGS84. (EPSG:4326). Formato vectorial de almacenamiento de elementos geogr&#x00E1;ficos y sus atributos asociados. </accinstr></onlinopt><onlinopt><computer><networka><networkr> http://www.conabio.gob.mx/informacion/gis/maps/ccl/dest_2010gw_c.zip</networkr></networka></computer><accinstr>Proyecci&#x00F3;n C&#x00F3;nica Conforme de Lambert WGS84. (EPSG:48402). Formato vectorial de almacenamiento de elementos geogr&#x00E1;ficos y sus atributos asociados. </accinstr></onlinopt></digtopt></digform><digform><digtinfo><formname>Google Earth (KML)</formname><formvern>2.2</formvern><filedec>compactado como KMZ</filedec></digtinfo><digtopt><onlinopt><computer><networka><networkr>  http://www.conabio.gob.mx/informacion/explorer/wms/kml?layers=dest_2010gw&amp;mode=download&amp;legend=true</networkr></networka></computer><accinstr>Coordenadas geogr&#x00E1;ficas WGS84. (EPSG:4326). Los archivos KML representan datos geogr&#x00E1;ficos para Google Earth, a menudo suelen distribuirse comprimidos como KMZ.</accinstr></onlinopt></digtopt></digform><digform><digtinfo><formname>Servicio de im&#x00E1;genes (WMS)</formname><formvern>1.1.1</formvern></digtinfo><digtopt><onlinopt><computer><networka><networkr>http://www.conabio.gob.mx/informacion/explorer/wms?Format=image.png&amp;request=GetMap&amp;version=1.1.1&amp;width=800&amp;height=424&amp;srs=EPSG:4326&amp;bbox=-120.0,13.8,-85.1,33.5&amp;layers=dest_2010gw</networkr></networka></computer><accinstr>Coordenadas geogr&#x00E1;ficas WGS84. (EPSG:4326). Servicio Web Map Service. Los mapas de datos referenciados espacialmente producidos se generan normalmente en un formato de imagen como PNG,.png o JPEG, pueden se vistos en un SIG </accinstr></onlinopt></digtopt></digform><digform><digtinfo><formname>Mapa digital interactivo</formname><formvern>1.0</formvern></digtinfo><digtopt><onlinopt><computer><networka><networkr>http://www.conabio.gob.mx/informacion/gis/?vns=gis_root/dipol/estata/dest_2010cw</networkr></networka></computer><accinstr>Coordenadas geogr&#x00E1;ficas WGS84. (EPSG:4326)</accinstr></onlinopt></digtopt></digform><fees>Acceso libre sin ning&#x00FA;n cargo al p&#x00FA;blico en general.</fees></stdorder><techpreq>Tener sistemas compatibles con archivos Shapefile, en caso que existan se pueden visualizar en Google Earth KML y/o conexi&#x00F3;n al servicio WMS.</techpreq></distinfo><metainfo><metd>20110708</metd><metc><cntinfo><cntorgp><cntorg>CONABIO</cntorg><cntper>Correo electr&#x00F3;nico</cntper></cntorgp><cntpos>Norma Moreno</cntpos><cntaddr><addrtype>mailing and physical address</addrtype><address>Liga Perif&#x00E9;rico Insurgentes Sur Num. 4903 1er piso. Col. Parques del Pedregal. Delg. Tlalpan</address><city>Ciudad de M&#x00E9;xico</city><state>D.F.</state><postal>14010</postal><country>M&#x00E9;xico</country></cntaddr><cntvoice>01 55 5004 4938</cntvoice><cntfax>50044931</cntfax><cntemail>ssig@conabio.gob.mx</cntemail><hours>Lunes a Viernes de 8 a 18 hrs.</hours></cntinfo></metc><metstdn>FGDC Content Standards for Digital Geospatial Metadata, 1998</metstdn><metstdv>FGDC-STD-001-1998 version 2.0</metstdv></metainfo></metadata>